year,cpi_u,food_at_home_index,apple_per_lb,bread_per_loaf,eggs_per_dozen,milk_per_gallon
1970,38.8,39.2,0.25,0.24,0.61,1.18
1971,40.5,40.4,0.26,0.25,0.53,1.18
1972,41.8,42.7,0.27,0.25,0.52,1.20
1973,44.4,48.8,0.30,0.27,0.69,1.31
1974,49.3,55.9,0.34,0.35,0.78,1.56
1975,53.8,60.2,0.35,0.36,0.77,1.59
1976,56.9,61.7,0.36,0.37,0.82,1.64
1977,60.6,63.9,0.39,0.38,0.82,1.66
1978,65.2,69.9,0.44,0.41,0.85,1.72
1979,72.6,77.4,0.48,0.46,0.91,1.86
1980,82.4,86.4,0.54,0.51,0.91,2.05
1981,90.9,92.6,0.55,0.55,0.98,2.19
1982,96.5,94.7,0.55,0.56,0.92,2.20
1983,99.6,94.9,0.56,0.56,0.92,2.22
1984,103.9,97.7,0.57,0.57,1.00,2.21
1985,107.6,99.6,0.59,0.57,0.90,2.23
1986,109.6,101.7,0.61,0.58,0.88,2.26
1987,113.6,104.8,0.62,0.58,0.92,2.30
1988,118.3,108.7,0.66,0.61,0.88,2.33
1989,124.0,114.6,0.68,0.65,1.01,2.43
1990,130.7,121.9,0.77,0.69,1.02,2.63
1991,136.2,124.9,0.76,0.71,1.01,2.67
1992,140.3,126.1,0.75,0.72,0.93,2.67
1993,144.5,128.8,0.74,0.74,0.94,2.67
1994,148.2,131.9,0.75,0.75,0.92,2.73
1995,152.4,135.0,0.79,0.78,0.93,2.72
1996,156.9,139.3,0.82,0.83,1.10,2.79
1997,160.5,142.6,0.86,0.85,1.13,2.86
1998,163.0,144.2,0.87,0.87,1.07,2.95
1999,166.6,146.3,0.88,0.89,0.94,2.99
2000,172.2,149.2,0.82,0.91,0.94,2.99
2001,177.1,153.7,0.84,0.94,1.03,3.03
2002,179.9,155.4,0.89,0.96,0.99,2.94
2003,184.0,157.9,0.95,0.99,1.17,3.00
2004,188.9,162.8,0.97,1.03,1.27,3.20
2005,195.3,167.9,1.00,1.05,1.14,3.26
2006,201.6,171.4,1.05,1.09,1.25,3.19
2007,207.3,178.3,1.09,1.18,1.61,3.47
2008,215.3,189.8,1.27,1.37,1.99,3.76
2009,214.5,188.2,1.24,1.35,1.50,3.04
2010,218.1,188.4,1.27,1.34,1.62,3.24
2011,224.9,195.2,1.30,1.42,1.72,3.53
2012,229.6,199.4,1.32,1.45,1.81,3.55
2013,233.0,201.9,1.34,1.46,1.83,3.55
2014,236.7,205.8,1.37,1.44,1.93,3.67
2015,237.0,207.7,1.38,1.42,2.47,3.36
2016,240.0,206.4,1.36,1.41,1.54,3.22
2017,245.1,206.8,1.35,1.40,1.56,3.23
2018,251.1,208.6,1.36,1.40,1.62,3.17
2019,255.7,211.0,1.38,1.41,1.49,3.22
2020,258.8,217.4,1.55,1.46,1.58,3.32
2021,271.0,225.3,1.59,1.50,1.72,3.56
2022,292.7,243.4,1.63,1.69,2.86,3.96
2023,304.7,254.1,1.65,1.75,4.10,3.98
2024,314.2,258.6,1.66,1.79,3.20,4.03
2025,321.5,263.1,1.70,1.83,4.15,4.10
2026,329.0,268.5,1.73,1.87,4.22,4.18
